,solar_po
7/1/14 0:00,0
7/1/14 1:00,0
7/1/14 2:00,0
7/1/14 3:00,0
7/1/14 4:00,0.0865
7/1/14 5:00,0.30541
7/1/14 6:00,0.4731
7/1/14 7:00,0.59771
7/1/14 8:00,0.67964
7/1/14 9:00,0.71058
7/1/14 10:00,0.60834
7/1/14 11:00,0.51427
7/1/14 12:00,0.24188
7/1/14 13:00,0.27078
7/1/14 14:00,0.13115
7/1/14 15:00,0.03718
7/1/14 16:00,0
7/1/14 17:00,0
7/1/14 18:00,0
7/1/14 19:00,0
7/1/14 20:00,0
7/1/14 21:00,0
7/1/14 22:00,0
7/1/14 23:00,0
7/2/14 0:00,0
7/2/14 1:00,0
7/2/14 2:00,0
7/2/14 3:00,0
7/2/14 4:00,0.07613
7/2/14 5:00,0.31255
7/2/14 6:00,0.47504
7/2/14 7:00,0.58522
7/2/14 8:00,0.66716
7/2/14 9:00,0.69631
7/2/14 10:00,0.62403
7/2/14 11:00,0.10093
7/2/14 12:00,0.42737
7/2/14 13:00,0.26287
7/2/14 14:00,0.06623
7/2/14 15:00,0.00961
7/2/14 16:00,0
7/2/14 17:00,0
7/2/14 18:00,0
7/2/14 19:00,0
7/2/14 20:00,0
7/2/14 21:00,0
7/2/14 22:00,0
7/2/14 23:00,0
7/3/14 0:00,0
7/3/14 1:00,0
7/3/14 2:00,0
7/3/14 3:00,0
7/3/14 4:00,0.00659
7/3/14 5:00,0.24202
7/3/14 6:00,0.30708
7/3/14 7:00,0.20575
7/3/14 8:00,0.45009
7/3/14 9:00,0.64949
7/3/14 10:00,0.67239
7/3/14 11:00,0.54813
7/3/14 12:00,0.08371
7/3/14 13:00,0.06596
7/3/14 14:00,0.13128
7/3/14 15:00,0.03785
7/3/14 16:00,0
7/3/14 17:00,0
7/3/14 18:00,0
7/3/14 19:00,0
7/3/14 20:00,0
7/3/14 21:00,0
7/3/14 22:00,0
7/3/14 23:00,0
7/4/14 0:00,0
7/4/14 1:00,0
7/4/14 2:00,0
7/4/14 3:00,0
7/4/14 4:00,0.08246
7/4/14 5:00,0.30151
7/4/14 6:00,0.46854
7/4/14 7:00,0.59934
7/4/14 8:00,0.67621
7/4/14 9:00,0.70354
7/4/14 10:00,0.6782
7/4/14 11:00,0.59575
7/4/14 12:00,0.39231
7/4/14 13:00,0.06978
7/4/14 14:00,0.0963
7/4/14 15:00,0.02321
7/4/14 16:00,0
7/4/14 17:00,0
7/4/14 18:00,0
7/4/14 19:00,0
7/4/14 20:00,0
7/4/14 21:00,0
7/4/14 22:00,0
7/4/14 23:00,0
7/5/14 0:00,0
7/5/14 1:00,0
7/5/14 2:00,0
7/5/14 3:00,0
7/5/14 4:00,0.11929
7/5/14 5:00,0.311
7/5/14 6:00,0.45073
7/5/14 7:00,0.56266
7/5/14 8:00,0.65467
7/5/14 9:00,0.69134
7/5/14 10:00,0.65378
7/5/14 11:00,0.35372
7/5/14 12:00,0.08359
7/5/14 13:00,0.21404
7/5/14 14:00,0.12044
7/5/14 15:00,0.03168
7/5/14 16:00,0
7/5/14 17:00,0
7/5/14 18:00,0
7/5/14 19:00,0
7/5/14 20:00,0
7/5/14 21:00,0
7/5/14 22:00,0
7/5/14 23:00,0
7/6/14 0:00,0
7/6/14 1:00,0
7/6/14 2:00,0
7/6/14 3:00,0
7/6/14 4:00,0.03112
7/6/14 5:00,0.12861
7/6/14 6:00,0.25987
7/6/14 7:00,0.45774
7/6/14 8:00,0.6098
7/6/14 9:00,0.62127
7/6/14 10:00,0.66283
7/6/14 11:00,0.60661
7/6/14 12:00,0.03975
7/6/14 13:00,0.15547
7/6/14 14:00,0.13554
7/6/14 15:00,0.00153
7/6/14 16:00,0
7/6/14 17:00,0
7/6/14 18:00,0
7/6/14 19:00,0
7/6/14 20:00,0
7/6/14 21:00,0
7/6/14 22:00,0
7/6/14 23:00,0
7/7/14 0:00,0
7/7/14 1:00,0
7/7/14 2:00,0
7/7/14 3:00,0
7/7/14 4:00,0.04388
7/7/14 5:00,0.27667
7/7/14 6:00,0.43923
7/7/14 7:00,0.54276
7/7/14 8:00,0.5931
7/7/14 9:00,0.62452
7/7/14 10:00,0.54406
7/7/14 11:00,0.19746
7/7/14 12:00,0.19677
7/7/14 13:00,0.02675
7/7/14 14:00,0.12878
7/7/14 15:00,0.03321
7/7/14 16:00,0
7/7/14 17:00,0
7/7/14 18:00,0
7/7/14 19:00,0
7/7/14 20:00,0
7/7/14 21:00,0
7/7/14 22:00,0
7/7/14 23:00,0
7/8/14 0:00,0
7/8/14 1:00,0
7/8/14 2:00,0
7/8/14 3:00,0
7/8/14 4:00,0.10119
7/8/14 5:00,0.19172
7/8/14 6:00,0.33588
7/8/14 7:00,0.51183
7/8/14 8:00,0.59527
7/8/14 9:00,0.64121
7/8/14 10:00,0.66291
7/8/14 11:00,0.60182
7/8/14 12:00,0.46393
7/8/14 13:00,0.03349
7/8/14 14:00,0.01425
7/8/14 15:00,0.0118
7/8/14 16:00,0
7/8/14 17:00,0
7/8/14 18:00,0
7/8/14 19:00,0
7/8/14 20:00,0
7/8/14 21:00,0
7/8/14 22:00,0
7/8/14 23:00,0
7/9/14 0:00,0
7/9/14 1:00,0
7/9/14 2:00,0
7/9/14 3:00,0
7/9/14 4:00,0.01858
7/9/14 5:00,0.28136
7/9/14 6:00,0.30383
7/9/14 7:00,0.40565
7/9/14 8:00,0.61963
7/9/14 9:00,0.60763
7/9/14 10:00,0.61898
7/9/14 11:00,0.55503
7/9/14 12:00,0.42693
7/9/14 13:00,0.26625
7/9/14 14:00,0.01272
7/9/14 15:00,0.00989
7/9/14 16:00,0
7/9/14 17:00,0
7/9/14 18:00,0
7/9/14 19:00,0
7/9/14 20:00,0
7/9/14 21:00,0
7/9/14 22:00,0
7/9/14 23:00,0
7/10/14 0:00,0
7/10/14 1:00,0
7/10/14 2:00,0
7/10/14 3:00,0
7/10/14 4:00,0.03407
7/10/14 5:00,0.28756
7/10/14 6:00,0.43819
7/10/14 7:00,0.54608
7/10/14 8:00,0.55155
7/10/14 9:00,0.49055
7/10/14 10:00,0.47022
7/10/14 11:00,0.53199
7/10/14 12:00,0.05685
7/10/14 13:00,0.02754
7/10/14 14:00,0.12722
7/10/14 15:00,0.00201
7/10/14 16:00,0
7/10/14 17:00,0
7/10/14 18:00,0
7/10/14 19:00,0
7/10/14 20:00,0
7/10/14 21:00,0
7/10/14 22:00,0
7/10/14 23:00,0
7/11/14 0:00,0
7/11/14 1:00,0
7/11/14 2:00,0
7/11/14 3:00,0
7/11/14 4:00,0.10794
7/11/14 5:00,0.30315
7/11/14 6:00,0.46107
7/11/14 7:00,0.57819
7/11/14 8:00,0.6535
7/11/14 9:00,0.68295
7/11/14 10:00,0.65371
7/11/14 11:00,0.06295
7/11/14 12:00,0.04863
7/11/14 13:00,0.30353
7/11/14 14:00,0.13762
7/11/14 15:00,0.03922
7/11/14 16:00,0
7/11/14 17:00,0
7/11/14 18:00,0
7/11/14 19:00,0
7/11/14 20:00,0
7/11/14 21:00,0
7/11/14 22:00,0
7/11/14 23:00,0
7/12/14 0:00,0
7/12/14 1:00,0
7/12/14 2:00,0
7/12/14 3:00,0
7/12/14 4:00,0.00917
7/12/14 5:00,0.10786
7/12/14 6:00,0.3926
7/12/14 7:00,0.49442
7/12/14 8:00,0.62406
7/12/14 9:00,0.65804
7/12/14 10:00,0.63591
7/12/14 11:00,0.12922
7/12/14 12:00,0.08762
7/12/14 13:00,0.07521
7/12/14 14:00,0.12424
7/12/14 15:00,0.04075
7/12/14 16:00,0
7/12/14 17:00,0
7/12/14 18:00,0
7/12/14 19:00,0
7/12/14 20:00,0
7/12/14 21:00,0
7/12/14 22:00,0
7/12/14 23:00,0
7/13/14 0:00,0
7/13/14 1:00,0
7/13/14 2:00,0
7/13/14 3:00,0
7/13/14 4:00,0.07612
7/13/14 5:00,0.30106
7/13/14 6:00,0.43407
7/13/14 7:00,0.48114
7/13/14 8:00,0.63183
7/13/14 9:00,0.65973
7/13/14 10:00,0.66442
7/13/14 11:00,0.58326
7/13/14 12:00,0.35368
7/13/14 13:00,0.05069
7/13/14 14:00,0.04481
7/13/14 15:00,0.01834
7/13/14 16:00,0
7/13/14 17:00,0
7/13/14 18:00,0
7/13/14 19:00,0
7/13/14 20:00,0
7/13/14 21:00,0
7/13/14 22:00,0
7/13/14 23:00,0
7/14/14 0:00,0
7/14/14 1:00,0
7/14/14 2:00,0
7/14/14 3:00,0
7/14/14 4:00,0.12142
7/14/14 5:00,0.32394
7/14/14 6:00,0.48041
7/14/14 7:00,0.60557
7/14/14 8:00,0.69864
7/14/14 9:00,0.72386
7/14/14 10:00,0.69391
7/14/14 11:00,0.6109
7/14/14 12:00,0.47784
7/14/14 13:00,0.30458
7/14/14 14:00,0.13225
7/14/14 15:00,0.0142
7/14/14 16:00,0
7/14/14 17:00,0
7/14/14 18:00,0
7/14/14 19:00,0
7/14/14 20:00,0
7/14/14 21:00,0
7/14/14 22:00,0
7/14/14 23:00,0
7/15/14 0:00,0
7/15/14 1:00,0
7/15/14 2:00,0
7/15/14 3:00,0
7/15/14 4:00,0.11416
7/15/14 5:00,0.28957
7/15/14 6:00,0.47159
7/15/14 7:00,0.53803
7/15/14 8:00,0.62874
7/15/14 9:00,0.71362
7/15/14 10:00,0.69778
7/15/14 11:00,0.60927
7/15/14 12:00,0.41284
7/15/14 13:00,0.24434
7/15/14 14:00,0.12372
7/15/14 15:00,0.03326
7/15/14 16:00,0
7/15/14 17:00,0
7/15/14 18:00,0
7/15/14 19:00,0
7/15/14 20:00,0
7/15/14 21:00,0
7/15/14 22:00,0
7/15/14 23:00,0
7/16/14 0:00,0
7/16/14 1:00,0
7/16/14 2:00,0
7/16/14 3:00,0
7/16/14 4:00,0.08911
7/16/14 5:00,0.29686
7/16/14 6:00,0.39144
7/16/14 7:00,0.56764
7/16/14 8:00,0.66943
7/16/14 9:00,0.67114
7/16/14 10:00,0.65533
7/16/14 11:00,0.58922
7/16/14 12:00,0.38247
7/16/14 13:00,0.17563
7/16/14 14:00,0.01336
7/16/14 15:00,0.03539
7/16/14 16:00,0
7/16/14 17:00,0
7/16/14 18:00,0
7/16/14 19:00,0
7/16/14 20:00,0
7/16/14 21:00,0
7/16/14 22:00,0
7/16/14 23:00,0
7/17/14 0:00,0
7/17/14 1:00,0
7/17/14 2:00,0
7/17/14 3:00,0
7/17/14 4:00,0.02377
7/17/14 5:00,0.11896
7/17/14 6:00,0.37446
7/17/14 7:00,0.41662
7/17/14 8:00,0.51938
7/17/14 9:00,0.62779
7/17/14 10:00,0.67641
7/17/14 11:00,0.4367
7/17/14 12:00,0.21661
7/17/14 13:00,0.04004
7/17/14 14:00,0.1096
7/17/14 15:00,0.03392
7/17/14 16:00,0
7/17/14 17:00,0
7/17/14 18:00,0
7/17/14 19:00,0
7/17/14 20:00,0
7/17/14 21:00,0
7/17/14 22:00,0
7/17/14 23:00,0
7/18/14 0:00,0
7/18/14 1:00,0
7/18/14 2:00,0
7/18/14 3:00,0
7/18/14 4:00,0.06086
7/18/14 5:00,0.16302
7/18/14 6:00,0.34139
7/18/14 7:00,0.46103
7/18/14 8:00,0.6208
7/18/14 9:00,0.68106
7/18/14 10:00,0.6766
7/18/14 11:00,0.57996
7/18/14 12:00,0.04055
7/18/14 13:00,0.03933
7/18/14 14:00,0.0372
7/18/14 15:00,0.03931
7/18/14 16:00,0
7/18/14 17:00,0
7/18/14 18:00,0
7/18/14 19:00,0
7/18/14 20:00,0
7/18/14 21:00,0
7/18/14 22:00,0
7/18/14 23:00,0
7/19/14 0:00,0
7/19/14 1:00,0
7/19/14 2:00,0
7/19/14 3:00,0
7/19/14 4:00,0.00373
7/19/14 5:00,0.25775
7/19/14 6:00,0.4269
7/19/14 7:00,0.57942
7/19/14 8:00,0.6231
7/19/14 9:00,0.61349
7/19/14 10:00,0.57011
7/19/14 11:00,0.61476
7/19/14 12:00,0.28905
7/19/14 13:00,0.15783
7/19/14 14:00,0.01609
7/19/14 15:00,0.02603
7/19/14 16:00,0
7/19/14 17:00,0
7/19/14 18:00,0
7/19/14 19:00,0
7/19/14 20:00,0
7/19/14 21:00,0
7/19/14 22:00,0
7/19/14 23:00,0
7/20/14 0:00,0
7/20/14 1:00,0
7/20/14 2:00,0
7/20/14 3:00,0
7/20/14 4:00,0.01367
7/20/14 5:00,0.26014
7/20/14 6:00,0.37175
7/20/14 7:00,0.48045
7/20/14 8:00,0.58339
7/20/14 9:00,0.53751
7/20/14 10:00,0.46081
7/20/14 11:00,0.40613
7/20/14 12:00,0.12991
7/20/14 13:00,0.02743
7/20/14 14:00,0.02746
7/20/14 15:00,0.02044
7/20/14 16:00,0
7/20/14 17:00,0
7/20/14 18:00,0
7/20/14 19:00,0
7/20/14 20:00,0
7/20/14 21:00,0
7/20/14 22:00,0
7/20/14 23:00,0
7/21/14 0:00,0
7/21/14 1:00,0
7/21/14 2:00,0
7/21/14 3:00,0
7/21/14 4:00,0.10628
7/21/14 5:00,0.30848
7/21/14 6:00,0.44231
7/21/14 7:00,0.51902
7/21/14 8:00,0.64324
7/21/14 9:00,0.68424
7/21/14 10:00,0.65306
7/21/14 11:00,0.58098
7/21/14 12:00,0.40264
7/21/14 13:00,0.08009
7/21/14 14:00,0.03879
7/21/14 15:00,0.01898
7/21/14 16:00,0
7/21/14 17:00,0
7/21/14 18:00,0
7/21/14 19:00,0
7/21/14 20:00,0
7/21/14 21:00,0
7/21/14 22:00,0
7/21/14 23:00,0
7/22/14 0:00,0
7/22/14 1:00,0
7/22/14 2:00,0
7/22/14 3:00,0
7/22/14 4:00,0.09929
7/22/14 5:00,0.08822
7/22/14 6:00,0.41856
7/22/14 7:00,0.50038
7/22/14 8:00,0.63579
7/22/14 9:00,0.68026
7/22/14 10:00,0.64797
7/22/14 11:00,0.49335
7/22/14 12:00,0.04068
7/22/14 13:00,0.03963
7/22/14 14:00,0.04495
7/22/14 15:00,0.03573
7/22/14 16:00,0
7/22/14 17:00,0
7/22/14 18:00,0
7/22/14 19:00,0
7/22/14 20:00,0
7/22/14 21:00,0
7/22/14 22:00,0
7/22/14 23:00,0
7/23/14 0:00,0
7/23/14 1:00,0
7/23/14 2:00,0
7/23/14 3:00,0
7/23/14 4:00,0.09936
7/23/14 5:00,0.21278
7/23/14 6:00,0.26006
7/23/14 7:00,0.44085
7/23/14 8:00,0.52484
7/23/14 9:00,0.4364
7/23/14 10:00,0.50752
7/23/14 11:00,0.45158
7/23/14 12:00,0.45498
7/23/14 13:00,0.13639
7/23/14 14:00,0.01346
7/23/14 15:00,0.00156
7/23/14 16:00,0
7/23/14 17:00,0
7/23/14 18:00,0
7/23/14 19:00,0
7/23/14 20:00,0
7/23/14 21:00,0
7/23/14 22:00,0
7/23/14 23:00,0
7/24/14 0:00,0
7/24/14 1:00,0
7/24/14 2:00,0
7/24/14 3:00,0
7/24/14 4:00,0.00785
7/24/14 5:00,0.32225
7/24/14 6:00,0.49339
7/24/14 7:00,0.60996
7/24/14 8:00,0.68726
7/24/14 9:00,0.70702
7/24/14 10:00,0.6624
7/24/14 11:00,0.43947
7/24/14 12:00,0.07365
7/24/14 13:00,0.1603
7/24/14 14:00,0.10282
7/24/14 15:00,0.03196
7/24/14 16:00,0
7/24/14 17:00,0
7/24/14 18:00,0
7/24/14 19:00,0
7/24/14 20:00,0
7/24/14 21:00,0
7/24/14 22:00,0
7/24/14 23:00,0
7/25/14 0:00,0
7/25/14 1:00,0
7/25/14 2:00,0
7/25/14 3:00,0
7/25/14 4:00,0.01381
7/25/14 5:00,0.2278
7/25/14 6:00,0.28287
7/25/14 7:00,0.48232
7/25/14 8:00,0.5821
7/25/14 9:00,0.62424
7/25/14 10:00,0.53783
7/25/14 11:00,0.38091
7/25/14 12:00,0.29193
7/25/14 13:00,0.20374
7/25/14 14:00,0.04727
7/25/14 15:00,0.03838
7/25/14 16:00,0
7/25/14 17:00,0
7/25/14 18:00,0
7/25/14 19:00,0
7/25/14 20:00,0
7/25/14 21:00,0
7/25/14 22:00,0
7/25/14 23:00,0
7/26/14 0:00,0
7/26/14 1:00,0
7/26/14 2:00,0
7/26/14 3:00,0
7/26/14 4:00,0.09568
7/26/14 5:00,0.26551
7/26/14 6:00,0.44654
7/26/14 7:00,0.48452
7/26/14 8:00,0.66437
7/26/14 9:00,0.68825
7/26/14 10:00,0.64445
7/26/14 11:00,0.30118
7/26/14 12:00,0.06956
7/26/14 13:00,0.07505
7/26/14 14:00,0.10498
7/26/14 15:00,0.02555
7/26/14 16:00,0
7/26/14 17:00,0
7/26/14 18:00,0
7/26/14 19:00,0
7/26/14 20:00,0
7/26/14 21:00,0
7/26/14 22:00,0
7/26/14 23:00,0
7/27/14 0:00,0
7/27/14 1:00,0
7/27/14 2:00,0
7/27/14 3:00,0
7/27/14 4:00,0.00668
7/27/14 5:00,0.15521
7/27/14 6:00,0.35403
7/27/14 7:00,0.11389
7/27/14 8:00,0.58713
7/27/14 9:00,0.65216
7/27/14 10:00,0.10206
7/27/14 11:00,0.47925
7/27/14 12:00,0.10698
7/27/14 13:00,0.19783
7/27/14 14:00,0.13336
7/27/14 15:00,0.02392
7/27/14 16:00,0
7/27/14 17:00,0
7/27/14 18:00,0
7/27/14 19:00,0
7/27/14 20:00,0
7/27/14 21:00,0
7/27/14 22:00,0
7/27/14 23:00,0
7/28/14 0:00,0
7/28/14 1:00,0
7/28/14 2:00,0
7/28/14 3:00,0
7/28/14 4:00,0.00376
7/28/14 5:00,0.23154
7/28/14 6:00,0.27742
7/28/14 7:00,0.344
7/28/14 8:00,0.50462
7/28/14 9:00,0.25304
7/28/14 10:00,0.46185
7/28/14 11:00,0.60305
7/28/14 12:00,0.4502
7/28/14 13:00,0.18596
7/28/14 14:00,0.02675
7/28/14 15:00,0.00112
7/28/14 16:00,0
7/28/14 17:00,0
7/28/14 18:00,0
7/28/14 19:00,0
7/28/14 20:00,0
7/28/14 21:00,0
7/28/14 22:00,0
7/28/14 23:00,0
7/29/14 0:00,0
7/29/14 1:00,0
7/29/14 2:00,0
7/29/14 3:00,0
7/29/14 4:00,0.00377
7/29/14 5:00,0.0274
7/29/14 6:00,0.19731
7/29/14 7:00,0.41535
7/29/14 8:00,0.6605
7/29/14 9:00,0.70992
7/29/14 10:00,0.6501
7/29/14 11:00,0.13058
7/29/14 12:00,0.06205
7/29/14 13:00,0.18322
7/29/14 14:00,0.08669
7/29/14 15:00,0.02238
7/29/14 16:00,0
7/29/14 17:00,0
7/29/14 18:00,0
7/29/14 19:00,0
7/29/14 20:00,0
7/29/14 21:00,0
7/29/14 22:00,0
7/29/14 23:00,0
7/30/14 0:00,0
7/30/14 1:00,0
7/30/14 2:00,0
7/30/14 3:00,0
7/30/14 4:00,0.01386
7/30/14 5:00,0.20264
7/30/14 6:00,0.38494
7/30/14 7:00,0.41562
7/30/14 8:00,0.57114
7/30/14 9:00,0.64449
7/30/14 10:00,0.65253
7/30/14 11:00,0.56778
7/30/14 12:00,0.04037
7/30/14 13:00,0.02743
7/30/14 14:00,0.03859
7/30/14 15:00,0.03777
7/30/14 16:00,0
7/30/14 17:00,0
7/30/14 18:00,0
7/30/14 19:00,0
7/30/14 20:00,0
7/30/14 21:00,0
7/30/14 22:00,0
7/30/14 23:00,0
12/1/14 0:00,0
12/1/14 1:00,0
12/1/14 2:00,0
12/1/14 3:00,0
12/1/14 4:00,0.17261
12/1/14 5:00,0.43573
12/1/14 6:00,0.61415
12/1/14 7:00,0.72524
12/1/14 8:00,0.7765
12/1/14 9:00,0.7838
12/1/14 10:00,0.7386
12/1/14 11:00,0.62314
12/1/14 12:00,0.4405
12/1/14 13:00,0.24775
12/1/14 14:00,0.00207
12/1/14 15:00,0
12/1/14 16:00,0
12/1/14 17:00,0
12/1/14 18:00,0
12/1/14 19:00,0
12/1/14 20:00,0
12/1/14 21:00,0
12/1/14 22:00,0
12/1/14 23:00,0
12/2/14 0:00,0
12/2/14 1:00,0
12/2/14 2:00,0
12/2/14 3:00,0
12/2/14 4:00,0.16323
12/2/14 5:00,0.43779
12/2/14 6:00,0.62308
12/2/14 7:00,0.74779
12/2/14 8:00,0.81339
12/2/14 9:00,0
12/2/14 10:00,0
12/2/14 11:00,0
12/2/14 12:00,0
12/2/14 13:00,0
12/2/14 14:00,0
12/2/14 15:00,0
12/2/14 16:00,0
12/2/14 17:00,0
12/2/14 18:00,0
12/2/14 19:00,0
12/2/14 20:00,0
12/2/14 21:00,0
12/2/14 22:00,0
12/2/14 23:00,0
12/3/14 0:00,0
12/3/14 1:00,0
12/3/14 2:00,0
12/3/14 3:00,0
12/3/14 4:00,0
12/3/14 5:00,0
12/3/14 6:00,0
12/3/14 7:00,0.76383
12/3/14 8:00,0.81926
12/3/14 9:00,0.82438
12/3/14 10:00,0.77775
12/3/14 11:00,0.67186
12/3/14 12:00,0.51918
12/3/14 13:00,0
12/3/14 14:00,0
12/3/14 15:00,0
12/3/14 16:00,0
12/3/14 17:00,0
12/3/14 18:00,0
12/3/14 19:00,0
12/3/14 20:00,0
12/3/14 21:00,0
12/3/14 22:00,0
12/3/14 23:00,0
12/4/14 0:00,0
12/4/14 1:00,0
12/4/14 2:00,0
12/4/14 3:00,0
12/4/14 4:00,0.17164
12/4/14 5:00,0.44606
12/4/14 6:00,0.62986
12/4/14 7:00,0.75671
12/4/14 8:00,0.81554
12/4/14 9:00,0.82082
12/4/14 10:00,0.76872
12/4/14 11:00,0.66804
12/4/14 12:00,0.51387
12/4/14 13:00,0.31255
12/4/14 14:00,0.08233
12/4/14 15:00,0
12/4/14 16:00,0
12/4/14 17:00,0
12/4/14 18:00,0
12/4/14 19:00,0
12/4/14 20:00,0
12/4/14 21:00,0
12/4/14 22:00,0
12/4/14 23:00,0
12/5/14 0:00,0
12/5/14 1:00,0
12/5/14 2:00,0
12/5/14 3:00,0
12/5/14 4:00,0.1763
12/5/14 5:00,0.44275
12/5/14 6:00,0.61074
12/5/14 7:00,0.72866
12/5/14 8:00,0.78419
12/5/14 9:00,0.7843
12/5/14 10:00,0.73681
12/5/14 11:00,0.64316
12/5/14 12:00,0.50268
12/5/14 13:00,0.30501
12/5/14 14:00,0.08344
12/5/14 15:00,0
12/5/14 16:00,0
12/5/14 17:00,0
12/5/14 18:00,0
12/5/14 19:00,0
12/5/14 20:00,0
12/5/14 21:00,0
12/5/14 22:00,0
12/5/14 23:00,0
12/6/14 0:00,0
12/6/14 1:00,0
12/6/14 2:00,0
12/6/14 3:00,0
12/6/14 4:00,0.16142
12/6/14 5:00,0.42778
12/6/14 6:00,0.60258
12/6/14 7:00,0.71929
12/6/14 8:00,0.77727
12/6/14 9:00,0.78054
12/6/14 10:00,0.73659
12/6/14 11:00,0.64282
12/6/14 12:00,0.50092
12/6/14 13:00,0.29646
12/6/14 14:00,0.05536
12/6/14 15:00,0
12/6/14 16:00,0
12/6/14 17:00,0
12/6/14 18:00,0
12/6/14 19:00,0
12/6/14 20:00,0
12/6/14 21:00,0
12/6/14 22:00,0
12/6/14 23:00,0
12/7/14 0:00,0
12/7/14 1:00,0
12/7/14 2:00,0
12/7/14 3:00,0
12/7/14 4:00,0.14378
12/7/14 5:00,0.42218
12/7/14 6:00,0.59698
12/7/14 7:00,0.70887
12/7/14 8:00,0.76488
12/7/14 9:00,0.7709
12/7/14 10:00,0.66115
12/7/14 11:00,0.6006
12/7/14 12:00,0.41771
12/7/14 13:00,0.27323
12/7/14 14:00,0.08209
12/7/14 15:00,0
12/7/14 16:00,0
12/7/14 17:00,0
12/7/14 18:00,0
12/7/14 19:00,0
12/7/14 20:00,0
12/7/14 21:00,0
12/7/14 22:00,0
12/7/14 23:00,0
12/8/14 0:00,0
12/8/14 1:00,0
12/8/14 2:00,0
12/8/14 3:00,0
12/8/14 4:00,0.13914
12/8/14 5:00,0.40805
12/8/14 6:00,0.60193
12/8/14 7:00,0
12/8/14 8:00,0
12/8/14 9:00,0.79125
12/8/14 10:00,0.73987
12/8/14 11:00,0.60239
12/8/14 12:00,0.47152
12/8/14 13:00,0.22412
12/8/14 14:00,0.00579
12/8/14 15:00,0
12/8/14 16:00,0
12/8/14 17:00,0
12/8/14 18:00,0
12/8/14 19:00,0
12/8/14 20:00,0
12/8/14 21:00,0
12/8/14 22:00,0
12/8/14 23:00,0
12/9/14 0:00,0
12/9/14 1:00,0
12/9/14 2:00,0
12/9/14 3:00,0
12/9/14 4:00,0.01935
12/9/14 5:00,0.29939
12/9/14 6:00,0.58106
12/9/14 7:00,0.69688
12/9/14 8:00,0.75151
12/9/14 9:00,0.71927
12/9/14 10:00,0.51065
12/9/14 11:00,0.25831
12/9/14 12:00,0.11995
12/9/14 13:00,0.03494
12/9/14 14:00,0.0534
12/9/14 15:00,0
12/9/14 16:00,0
12/9/14 17:00,0
12/9/14 18:00,0
12/9/14 19:00,0
12/9/14 20:00,0
12/9/14 21:00,0
12/9/14 22:00,0
12/9/14 23:00,0
12/10/14 0:00,0
12/10/14 1:00,0
12/10/14 2:00,0
12/10/14 3:00,0
12/10/14 4:00,0.07854
12/10/14 5:00,0.35777
12/10/14 6:00,0.56667
12/10/14 7:00,0.70128
12/10/14 8:00,0.71221
12/10/14 9:00,0.77565
12/10/14 10:00,0.74622
12/10/14 11:00,0.65187
12/10/14 12:00,0.48101
12/10/14 13:00,0.31664
12/10/14 14:00,0.0905
12/10/14 15:00,0
12/10/14 16:00,0
12/10/14 17:00,0
12/10/14 18:00,0
12/10/14 19:00,0
12/10/14 20:00,0
12/10/14 21:00,0
12/10/14 22:00,0
12/10/14 23:00,0
12/11/14 0:00,0
12/11/14 1:00,0
12/11/14 2:00,0
12/11/14 3:00,0
12/11/14 4:00,0.15044
12/11/14 5:00,0.42712
12/11/14 6:00,0.60185
12/11/14 7:00,0.72877
12/11/14 8:00,0.7983
12/11/14 9:00,0.80804
12/11/14 10:00,0.7581
12/11/14 11:00,0.66053
12/11/14 12:00,0.51019
12/11/14 13:00,0.3144
12/11/14 14:00,0.08774
12/11/14 15:00,0
12/11/14 16:00,0
12/11/14 17:00,0
12/11/14 18:00,0
12/11/14 19:00,0
12/11/14 20:00,0
12/11/14 21:00,0
12/11/14 22:00,0
12/11/14 23:00,0
12/12/14 0:00,0
12/12/14 1:00,0
12/12/14 2:00,0
12/12/14 3:00,0
12/12/14 4:00,0.13231
12/12/14 5:00,0.42771
12/12/14 6:00,0.59967
12/12/14 7:00,0.72291
12/12/14 8:00,0.78479
12/12/14 9:00,0.79219
12/12/14 10:00,0.7441
12/12/14 11:00,0.64785
12/12/14 12:00,0.50247
12/12/14 13:00,0.3081
12/12/14 14:00,0.08826
12/12/14 15:00,0
12/12/14 16:00,0
12/12/14 17:00,0
12/12/14 18:00,0
12/12/14 19:00,0
12/12/14 20:00,0
12/12/14 21:00,0
12/12/14 22:00,0
12/12/14 23:00,0
12/13/14 0:00,0
12/13/14 1:00,0
12/13/14 2:00,0
12/13/14 3:00,0
12/13/14 4:00,0.12737
12/13/14 5:00,0.41823
12/13/14 6:00,0.59516
12/13/14 7:00,0.71486
12/13/14 8:00,0.78367
12/13/14 9:00,0.78723
12/13/14 10:00,0.7405
12/13/14 11:00,0.64516
12/13/14 12:00,0.50123
12/13/14 13:00,0.30839
12/13/14 14:00,0.08935
12/13/14 15:00,0
12/13/14 16:00,0
12/13/14 17:00,0
12/13/14 18:00,0
12/13/14 19:00,0
12/13/14 20:00,0
12/13/14 21:00,0
12/13/14 22:00,0
12/13/14 23:00,0
12/14/14 0:00,0
12/14/14 1:00,0
12/14/14 2:00,0
12/14/14 3:00,0
12/14/14 4:00,0.11274
12/14/14 5:00,0.40547
12/14/14 6:00,0.58409
12/14/14 7:00,0.69776
12/14/14 8:00,0.74814
12/14/14 9:00,0.74553
12/14/14 10:00,0.71663
12/14/14 11:00,0.63959
12/14/14 12:00,0.49975
12/14/14 13:00,0.30922
12/14/14 14:00,0.09318
12/14/14 15:00,0
12/14/14 16:00,0
12/14/14 17:00,0
12/14/14 18:00,0
12/14/14 19:00,0
12/14/14 20:00,0
12/14/14 21:00,0
12/14/14 22:00,0
12/14/14 23:00,0
12/15/14 0:00,0
12/15/14 1:00,0
12/15/14 2:00,0
12/15/14 3:00,0
12/15/14 4:00,0.09615
12/15/14 5:00,0.39422
12/15/14 6:00,0.57801
12/15/14 7:00,0.70004
12/15/14 8:00,0.75812
12/15/14 9:00,0.76301
12/15/14 10:00,0.72784
12/15/14 11:00,0.64965
12/15/14 12:00,0.50571
12/15/14 13:00,0.30031
12/15/14 14:00,0.02557
12/15/14 15:00,0
12/15/14 16:00,0
12/15/14 17:00,0
12/15/14 18:00,0
12/15/14 19:00,0
12/15/14 20:00,0
12/15/14 21:00,0
12/15/14 22:00,0
12/15/14 23:00,0
12/16/14 0:00,0
12/16/14 1:00,0
12/16/14 2:00,0
12/16/14 3:00,0
12/16/14 4:00,0.07366
12/16/14 5:00,0.37603
12/16/14 6:00,0.57155
12/16/14 7:00,0.69013
12/16/14 8:00,0.73599
12/16/14 9:00,0.61398
12/16/14 10:00,0.06853
12/16/14 11:00,0.20692
12/16/14 12:00,0.07786
12/16/14 13:00,0.31046
12/16/14 14:00,0.08822
12/16/14 15:00,0
12/16/14 16:00,0
12/16/14 17:00,0
12/16/14 18:00,0
12/16/14 19:00,0
12/16/14 20:00,0
12/16/14 21:00,0
12/16/14 22:00,0
12/16/14 23:00,0
12/17/14 0:00,0
12/17/14 1:00,0
12/17/14 2:00,0
12/17/14 3:00,0
12/17/14 4:00,0.09295
12/17/14 5:00,0.365
12/17/14 6:00,0.56466
12/17/14 7:00,0.68553
12/17/14 8:00,0.74845
12/17/14 9:00,0.76414
12/17/14 10:00,0.72914
12/17/14 11:00,0.64985
12/17/14 12:00,0.38506
12/17/14 13:00,0.18193
12/17/14 14:00,0.07584
12/17/14 15:00,0
12/17/14 16:00,0
12/17/14 17:00,0
12/17/14 18:00,0
12/17/14 19:00,0
12/17/14 20:00,0
12/17/14 21:00,0
12/17/14 22:00,0
12/17/14 23:00,0
12/18/14 0:00,0
12/18/14 1:00,0
12/18/14 2:00,0
12/18/14 3:00,0
12/18/14 4:00,0.01898
12/18/14 5:00,0.2207
12/18/14 6:00,0.28884
12/18/14 7:00,0.68607
12/18/14 8:00,0.74159
12/18/14 9:00,0.75845
12/18/14 10:00,0.72388
12/18/14 11:00,0.64715
12/18/14 12:00,0.50891
12/18/14 13:00,0.31981
12/18/14 14:00,0.08444
12/18/14 15:00,0
12/18/14 16:00,0
12/18/14 17:00,0
12/18/14 18:00,0
12/18/14 19:00,0
12/18/14 20:00,0
12/18/14 21:00,0
12/18/14 22:00,0
12/18/14 23:00,0
12/19/14 0:00,0
12/19/14 1:00,0
12/19/14 2:00,0
12/19/14 3:00,0
12/19/14 4:00,0.08086
12/19/14 5:00,0.39119
12/19/14 6:00,0.57845
12/19/14 7:00,0.70635
12/19/14 8:00,0.76719
12/19/14 9:00,0.76879
12/19/14 10:00,0.72253
12/19/14 11:00,0.6357
12/19/14 12:00,0.49778
12/19/14 13:00,0.31606
12/19/14 14:00,0.09739
12/19/14 15:00,0
12/19/14 16:00,0
12/19/14 17:00,0
12/19/14 18:00,0
12/19/14 19:00,0
12/19/14 20:00,0
12/19/14 21:00,0
12/19/14 22:00,0
12/19/14 23:00,0
12/20/14 0:00,0
12/20/14 1:00,0
12/20/14 2:00,0
12/20/14 3:00,0
12/20/14 4:00,0.09753
12/20/14 5:00,0.391
12/20/14 6:00,0.57555
12/20/14 7:00,0.68802
12/20/14 8:00,0.74635
12/20/14 9:00,0.76923
12/20/14 10:00,0.73627
12/20/14 11:00,0.65309
12/20/14 12:00,0.51092
12/20/14 13:00,0.32008
12/20/14 14:00,0.09969
12/20/14 15:00,0
12/20/14 16:00,0
12/20/14 17:00,0
12/20/14 18:00,0
12/20/14 19:00,0
12/20/14 20:00,0
12/20/14 21:00,0
12/20/14 22:00,0
12/20/14 23:00,0
12/21/14 0:00,0
12/21/14 1:00,0
12/21/14 2:00,0
12/21/14 3:00,0
12/21/14 4:00,0.09145
12/21/14 5:00,0.39189
12/21/14 6:00,0.57237
12/21/14 7:00,0.67845
12/21/14 8:00,0.74832
12/21/14 9:00,0.77232
12/21/14 10:00,0.74193
12/21/14 11:00,0.65612
12/21/14 12:00,0.5159
12/21/14 13:00,0.3235
12/21/14 14:00,0.10103
12/21/14 15:00,0
12/21/14 16:00,0
12/21/14 17:00,0
12/21/14 18:00,0
12/21/14 19:00,0
12/21/14 20:00,0
12/21/14 21:00,0
12/21/14 22:00,0
12/21/14 23:00,0
12/22/14 0:00,0
12/22/14 1:00,0
12/22/14 2:00,0
12/22/14 3:00,0
12/22/14 4:00,0.08807
12/22/14 5:00,0.39153
12/22/14 6:00,0.575
12/22/14 7:00,0.69036
12/22/14 8:00,0.74974
12/22/14 9:00,0.75899
12/22/14 10:00,0.72859
12/22/14 11:00,0.64562
12/22/14 12:00,0.50733
12/22/14 13:00,0.32482
12/22/14 14:00,0.10193
12/22/14 15:00,0
12/22/14 16:00,0
12/22/14 17:00,0
12/22/14 18:00,0
12/22/14 19:00,0
12/22/14 20:00,0
12/22/14 21:00,0
12/22/14 22:00,0
12/22/14 23:00,0
12/23/14 0:00,0
12/23/14 1:00,0
12/23/14 2:00,0
12/23/14 3:00,0
12/23/14 4:00,0.07085
12/23/14 5:00,0.37906
12/23/14 6:00,0.56871
12/23/14 7:00,0.68398
12/23/14 8:00,0.73903
12/23/14 9:00,0.76006
12/23/14 10:00,0.73665
12/23/14 11:00,0.65457
12/23/14 12:00,0.52066
12/23/14 13:00,0.33023
12/23/14 14:00,0.10991
12/23/14 15:00,0
12/23/14 16:00,0
12/23/14 17:00,0
12/23/14 18:00,0
12/23/14 19:00,0
12/23/14 20:00,0
12/23/14 21:00,0
12/23/14 22:00,0
12/23/14 23:00,0
12/24/14 0:00,0
12/24/14 1:00,0
12/24/14 2:00,0
12/24/14 3:00,0
12/24/14 4:00,0.06008
12/24/14 5:00,0.37046
12/24/14 6:00,0.56503
12/24/14 7:00,0.68806
12/24/14 8:00,0.75013
12/24/14 9:00,0.7588
12/24/14 10:00,0.72455
12/24/14 11:00,0.32301
12/24/14 12:00,0.03996
12/24/14 13:00,0.03334
12/24/14 14:00,0.01643
12/24/14 15:00,0
12/24/14 16:00,0
12/24/14 17:00,0
12/24/14 18:00,0
12/24/14 19:00,0
12/24/14 20:00,0
12/24/14 21:00,0
12/24/14 22:00,0
12/24/14 23:00,0
12/25/14 0:00,0
12/25/14 1:00,0
12/25/14 2:00,0
12/25/14 3:00,0
12/25/14 4:00,0.06268
12/25/14 5:00,0.36983
12/25/14 6:00,0.57253
12/25/14 7:00,0.70292
12/25/14 8:00,0.77145
12/25/14 9:00,0.78136
12/25/14 10:00,0.74451
12/25/14 11:00,0.65825
12/25/14 12:00,0.51611
12/25/14 13:00,0.31987
12/25/14 14:00,0.10236
12/25/14 15:00,0
12/25/14 16:00,0
12/25/14 17:00,0
12/25/14 18:00,0
12/25/14 19:00,0
12/25/14 20:00,0
12/25/14 21:00,0
12/25/14 22:00,0
12/25/14 23:00,0
12/26/14 0:00,0
12/26/14 1:00,0
12/26/14 2:00,0
12/26/14 3:00,0
12/26/14 4:00,0.04745
12/26/14 5:00,0.35576
12/26/14 6:00,0.5584
12/26/14 7:00,0.68935
12/26/14 8:00,0.74981
12/26/14 9:00,0.74982
12/26/14 10:00,0.73458
12/26/14 11:00,0.54973
12/26/14 12:00,0.18891
12/26/14 13:00,0.07213
12/26/14 14:00,0.02934
12/26/14 15:00,0
12/26/14 16:00,0
12/26/14 17:00,0
12/26/14 18:00,0
12/26/14 19:00,0
12/26/14 20:00,0
12/26/14 21:00,0
12/26/14 22:00,0
12/26/14 23:00,0
12/27/14 0:00,0
12/27/14 1:00,0
12/27/14 2:00,0
12/27/14 3:00,0
12/27/14 4:00,0.04832
12/27/14 5:00,0.35227
12/27/14 6:00,0.55357
12/27/14 7:00,0.67917
12/27/14 8:00,0.76173
12/27/14 9:00,0.78718
12/27/14 10:00,0.75236
12/27/14 11:00,0.66645
12/27/14 12:00,0.52907
12/27/14 13:00,0.33667
12/27/14 14:00,0.11075
12/27/14 15:00,0
12/27/14 16:00,0
12/27/14 17:00,0
12/27/14 18:00,0
12/27/14 19:00,0
12/27/14 20:00,0
12/27/14 21:00,0
12/27/14 22:00,0
12/27/14 23:00,0
12/28/14 0:00,0
12/28/14 1:00,0
12/28/14 2:00,0
12/28/14 3:00,0
12/28/14 4:00,0.0092
12/28/14 5:00,0.37065
12/28/14 6:00,0.56127
12/28/14 7:00,0.68291
12/28/14 8:00,0.74652
12/28/14 9:00,0.76581
12/28/14 10:00,0.73384
12/28/14 11:00,0.65209
12/28/14 12:00,0.51836
12/28/14 13:00,0.33361
12/28/14 14:00,0.11138
12/28/14 15:00,0
12/28/14 16:00,0
12/28/14 17:00,0
12/28/14 18:00,0
12/28/14 19:00,0
12/28/14 20:00,0
12/28/14 21:00,0
12/28/14 22:00,0
12/28/14 23:00,0
12/29/14 0:00,0
12/29/14 1:00,0
12/29/14 2:00,0
12/29/14 3:00,0
12/29/14 4:00,0.00803
12/29/14 5:00,0.38802
12/29/14 6:00,0.57105
12/29/14 7:00,0.69871
12/29/14 8:00,0.77098
12/29/14 9:00,0.78886
12/29/14 10:00,0.75102
12/29/14 11:00,0.66702
12/29/14 12:00,0.5201
12/29/14 13:00,0.33243
12/29/14 14:00,0.11116
12/29/14 15:00,0
12/29/14 16:00,0
12/29/14 17:00,0
12/29/14 18:00,0
12/29/14 19:00,0
12/29/14 20:00,0
12/29/14 21:00,0
12/29/14 22:00,0
12/29/14 23:00,0
12/30/14 0:00,0
12/30/14 1:00,0
12/30/14 2:00,0
12/30/14 3:00,0
12/30/14 4:00,0.0074
12/30/14 5:00,0.38826
12/30/14 6:00,0.57186
12/30/14 7:00,0.69686
12/30/14 8:00,0.76265
12/30/14 9:00,0.77862
12/30/14 10:00,0.74191
12/30/14 11:00,0.65394
12/30/14 12:00,0.5156
12/30/14 13:00,0.32899
12/30/14 14:00,0.11268
12/30/14 15:00,0
12/30/14 16:00,0
12/30/14 17:00,0
12/30/14 18:00,0
12/30/14 19:00,0
12/30/14 20:00,0
12/30/14 21:00,0
12/30/14 22:00,0
12/30/14 23:00,0
4/1/15 0:00,0
4/1/15 1:00,0
4/1/15 2:00,0
4/1/15 3:00,0
4/1/15 4:00,0.0924
4/1/15 5:00,0.36208
4/1/15 6:00,0.56701
4/1/15 7:00,0.70442
4/1/15 8:00,0.75979
4/1/15 9:00,0.76827
4/1/15 10:00,0.73944
4/1/15 11:00,0.65875
4/1/15 12:00,0.52701
4/1/15 13:00,0.34562
4/1/15 14:00,0.13197
4/1/15 15:00,0.00432
4/1/15 16:00,0
4/1/15 17:00,0
4/1/15 18:00,0
4/1/15 19:00,0
4/1/15 20:00,0
4/1/15 21:00,0
4/1/15 22:00,0
4/1/15 23:00,0
4/2/15 0:00,0
4/2/15 1:00,0
4/2/15 2:00,0
4/2/15 3:00,0
4/2/15 4:00,0.14282
4/2/15 5:00,0.39003
4/2/15 6:00,0.56892
4/2/15 7:00,0.70214
4/2/15 8:00,0.76546
4/2/15 9:00,0.774
4/2/15 10:00,0.73302
4/2/15 11:00,0.64061
4/2/15 12:00,0.49612
4/2/15 13:00,0.2377
4/2/15 14:00,0.12992
4/2/15 15:00,0.01884
4/2/15 16:00,0
4/2/15 17:00,0
4/2/15 18:00,0
4/2/15 19:00,0
4/2/15 20:00,0
4/2/15 21:00,0
4/2/15 22:00,0
4/2/15 23:00,0
4/3/15 0:00,0
4/3/15 1:00,0
4/3/15 2:00,0
4/3/15 3:00,0
4/3/15 4:00,0.12836
4/3/15 5:00,0.38364
4/3/15 6:00,0.58013
4/3/15 7:00,0.71619
4/3/15 8:00,0.79488
4/3/15 9:00,0.80868
4/3/15 10:00,0.76415
4/3/15 11:00,0.66917
4/3/15 12:00,0.51182
4/3/15 13:00,0.34286
4/3/15 14:00,0.13092
4/3/15 15:00,0.01833
4/3/15 16:00,0
4/3/15 17:00,0
4/3/15 18:00,0
4/3/15 19:00,0
4/3/15 20:00,0
4/3/15 21:00,0
4/3/15 22:00,0
4/3/15 23:00,0
4/4/15 0:00,0
4/4/15 1:00,0
4/4/15 2:00,0
4/4/15 3:00,0
4/4/15 4:00,0.10258
4/4/15 5:00,0.35122
4/4/15 6:00,0.54692
4/4/15 7:00,0.68938
4/4/15 8:00,0.76026
4/4/15 9:00,0.77595
4/4/15 10:00,0.73103
4/4/15 11:00,0.54264
4/4/15 12:00,0.50114
4/4/15 13:00,0.32447
4/4/15 14:00,0.13235
4/4/15 15:00,0.01695
4/4/15 16:00,0
4/4/15 17:00,0
4/4/15 18:00,0
4/4/15 19:00,0
4/4/15 20:00,0
4/4/15 21:00,0
4/4/15 22:00,0
4/4/15 23:00,0
4/5/15 0:00,0
4/5/15 1:00,0
4/5/15 2:00,0
4/5/15 3:00,0
4/5/15 4:00,0.05091
4/5/15 5:00,0.28492
4/5/15 6:00,0.47694
4/5/15 7:00,0.58502
4/5/15 8:00,0.66358
4/5/15 9:00,0.69387
4/5/15 10:00,0.69719
4/5/15 11:00,0.60921
4/5/15 12:00,0.46355
4/5/15 13:00,0.30938
4/5/15 14:00,0.13043
4/5/15 15:00,0.01316
4/5/15 16:00,0
4/5/15 17:00,0
4/5/15 18:00,0
4/5/15 19:00,0
4/5/15 20:00,0
4/5/15 21:00,0
4/5/15 22:00,0
4/5/15 23:00,0
4/6/15 0:00,0
4/6/15 1:00,0
4/6/15 2:00,0
4/6/15 3:00,0
4/6/15 4:00,0.06413
4/6/15 5:00,0.32389
4/6/15 6:00,0.53695
4/6/15 7:00,0.67847
4/6/15 8:00,0.75997
4/6/15 9:00,0.77936
4/6/15 10:00,0.74728
4/6/15 11:00,0.65775
4/6/15 12:00,0.52077
4/6/15 13:00,0.3352
4/6/15 14:00,0.12628
4/6/15 15:00,0.01561
4/6/15 16:00,0
4/6/15 17:00,0
4/6/15 18:00,0
4/6/15 19:00,0
4/6/15 20:00,0
4/6/15 21:00,0
4/6/15 22:00,0
4/6/15 23:00,0
4/7/15 0:00,0
4/7/15 1:00,0
4/7/15 2:00,0
4/7/15 3:00,0
4/7/15 4:00,0.09854
4/7/15 5:00,0.35362
4/7/15 6:00,0.56095
4/7/15 7:00,0.69491
4/7/15 8:00,0.76059
4/7/15 9:00,0.77339
4/7/15 10:00,0.72961
4/7/15 11:00,0.63537
4/7/15 12:00,0.50428
4/7/15 13:00,0.07212
4/7/15 14:00,0.08909
4/7/15 15:00,0.01696
4/7/15 16:00,0
4/7/15 17:00,0
4/7/15 18:00,0
4/7/15 19:00,0
4/7/15 20:00,0
4/7/15 21:00,0
4/7/15 22:00,0
4/7/15 23:00,0
4/8/15 0:00,0
4/8/15 1:00,0
4/8/15 2:00,0
4/8/15 3:00,0
4/8/15 4:00,0.11134
4/8/15 5:00,0.36081
4/8/15 6:00,0.56431
4/8/15 7:00,0.70464
4/8/15 8:00,0.78271
4/8/15 9:00,0.8027
4/8/15 10:00,0.76527
4/8/15 11:00,0.67253
4/8/15 12:00,0.53013
4/8/15 13:00,0.33919
4/8/15 14:00,0.12489
4/8/15 15:00,0.01908
4/8/15 16:00,0
4/8/15 17:00,0
4/8/15 18:00,0
4/8/15 19:00,0
4/8/15 20:00,0
4/8/15 21:00,0
4/8/15 22:00,0
4/8/15 23:00,0
4/9/15 0:00,0
4/9/15 1:00,0
4/9/15 2:00,0
4/9/15 3:00,0
4/9/15 4:00,0.11261
4/9/15 5:00,0.3554
4/9/15 6:00,0.56633
4/9/15 7:00,0.70221
4/9/15 8:00,0.77861
4/9/15 9:00,0.7951
4/9/15 10:00,0.75463
4/9/15 11:00,0.66303
4/9/15 12:00,0.52226
4/9/15 13:00,0.33452
4/9/15 14:00,0.12271
4/9/15 15:00,0.01892
4/9/15 16:00,0
4/9/15 17:00,0
4/9/15 18:00,0
4/9/15 19:00,0
4/9/15 20:00,0
4/9/15 21:00,0
4/9/15 22:00,0
4/9/15 23:00,0
4/10/15 0:00,0
4/10/15 1:00,0
4/10/15 2:00,0
4/10/15 3:00,0
4/10/15 4:00,0.10965
4/10/15 5:00,0.352
4/10/15 6:00,0.54073
4/10/15 7:00,0.69547
4/10/15 8:00,0.76648
4/10/15 9:00,0.773
4/10/15 10:00,0.72875
4/10/15 11:00,0.60806
4/10/15 12:00,0.47889
4/10/15 13:00,0.3206
4/10/15 14:00,0.11486
4/10/15 15:00,0.01881
4/10/15 16:00,0
4/10/15 17:00,0
4/10/15 18:00,0
4/10/15 19:00,0
4/10/15 20:00,0
4/10/15 21:00,0
4/10/15 22:00,0
4/10/15 23:00,0
4/11/15 0:00,0
4/11/15 1:00,0
4/11/15 2:00,0
4/11/15 3:00,0
4/11/15 4:00,0.12484
4/11/15 5:00,0.35437
4/11/15 6:00,0.5379
4/11/15 7:00,0.67197
4/11/15 8:00,0.71212
4/11/15 9:00,0.64757
4/11/15 10:00,0.62262
4/11/15 11:00,0.46511
4/11/15 12:00,0.33556
4/11/15 13:00,0.17873
4/11/15 14:00,0.07577
4/11/15 15:00,0.01893
4/11/15 16:00,0
4/11/15 17:00,0
4/11/15 18:00,0
4/11/15 19:00,0
4/11/15 20:00,0
4/11/15 21:00,0
4/11/15 22:00,0
4/11/15 23:00,0
4/12/15 0:00,0
4/12/15 1:00,0
4/12/15 2:00,0
4/12/15 3:00,0
4/12/15 4:00,0.12297
4/12/15 5:00,0.35883
4/12/15 6:00,0.55211
4/12/15 7:00,0.67955
4/12/15 8:00,0.75668
4/12/15 9:00,0.75503
4/12/15 10:00,0.68887
4/12/15 11:00,0.56736
4/12/15 12:00,0.44562
4/12/15 13:00,0.32512
4/12/15 14:00,0.11816
4/12/15 15:00,0.00029
4/12/15 16:00,0
4/12/15 17:00,0
4/12/15 18:00,0
4/12/15 19:00,0
4/12/15 20:00,0
4/12/15 21:00,0
4/12/15 22:00,0
4/12/15 23:00,0
4/13/15 0:00,0
4/13/15 1:00,0
4/13/15 2:00,0
4/13/15 3:00,0
4/13/15 4:00,0.15484
4/13/15 5:00,0.38895
4/13/15 6:00,0.57191
4/13/15 7:00,0.69791
4/13/15 8:00,0.7662
4/13/15 9:00,0.77779
4/13/15 10:00,0.73769
4/13/15 11:00,0.64484
4/13/15 12:00,0.5087
4/13/15 13:00,0.27894
4/13/15 14:00,0.10179
4/13/15 15:00,0.01373
4/13/15 16:00,0
4/13/15 17:00,0
4/13/15 18:00,0
4/13/15 19:00,0
4/13/15 20:00,0
4/13/15 21:00,0
4/13/15 22:00,0
4/13/15 23:00,0
4/14/15 0:00,0
4/14/15 1:00,0
4/14/15 2:00,0
4/14/15 3:00,0
4/14/15 4:00,0.13275
4/14/15 5:00,0.3699
4/14/15 6:00,0.56027
4/14/15 7:00,0.69461
4/14/15 8:00,0.76557
4/14/15 9:00,0.78488
4/14/15 10:00,0.74049
4/14/15 11:00,0.65195
4/14/15 12:00,0.51137
4/14/15 13:00,0.31935
4/14/15 14:00,0.11526
4/14/15 15:00,0.01968
4/14/15 16:00,0
4/14/15 17:00,0
4/14/15 18:00,0
4/14/15 19:00,0
4/14/15 20:00,0
4/14/15 21:00,0
4/14/15 22:00,0
4/14/15 23:00,0
4/15/15 0:00,0
4/15/15 1:00,0
4/15/15 2:00,0
4/15/15 3:00,0
4/15/15 4:00,0.12378
4/15/15 5:00,0.3626
4/15/15 6:00,0.55423
4/15/15 7:00,0.68399
4/15/15 8:00,0.74455
4/15/15 9:00,0.74452
4/15/15 10:00,0.7249
4/15/15 11:00,0.63887
4/15/15 12:00,0.50101
4/15/15 13:00,0.31997
4/15/15 14:00,0.10847
4/15/15 15:00,0
4/15/15 16:00,0
4/15/15 17:00,0
4/15/15 18:00,0
4/15/15 19:00,0
4/15/15 20:00,0
4/15/15 21:00,0
4/15/15 22:00,0
4/15/15 23:00,0
4/16/15 0:00,0
4/16/15 1:00,0
4/16/15 2:00,0
4/16/15 3:00,0
4/16/15 4:00,0.13474
4/16/15 5:00,0.37303
4/16/15 6:00,0.57388
4/16/15 7:00,0.7069
4/16/15 8:00,0.77575
4/16/15 9:00,0.78924
4/16/15 10:00,0.74731
4/16/15 11:00,0.65909
4/16/15 12:00,0.52096
4/16/15 13:00,0.32798
4/16/15 14:00,0.11365
4/16/15 15:00,0.01972
4/16/15 16:00,0
4/16/15 17:00,0
4/16/15 18:00,0
4/16/15 19:00,0
4/16/15 20:00,0
4/16/15 21:00,0
4/16/15 22:00,0
4/16/15 23:00,0
4/17/15 0:00,0
4/17/15 1:00,0
4/17/15 2:00,0
4/17/15 3:00,0
4/17/15 4:00,0.15347
4/17/15 5:00,0.39854
4/17/15 6:00,0.58285
4/17/15 7:00,0.70423
4/17/15 8:00,0.77218
4/17/15 9:00,0.78244
4/17/15 10:00,0.73592
4/17/15 11:00,0.64678
4/17/15 12:00,0.5079
4/17/15 13:00,0.32016
4/17/15 14:00,0.11333
4/17/15 15:00,0.0196
4/17/15 16:00,0
4/17/15 17:00,0
4/17/15 18:00,0
4/17/15 19:00,0
4/17/15 20:00,0
4/17/15 21:00,0
4/17/15 22:00,0
4/17/15 23:00,0
4/18/15 0:00,0
4/18/15 1:00,0
4/18/15 2:00,0
4/18/15 3:00,0
4/18/15 4:00,0.16583
4/18/15 5:00,0.39395
4/18/15 6:00,0.57582
4/18/15 7:00,0.70016
4/18/15 8:00,0.75508
4/18/15 9:00,0.76446
4/18/15 10:00,0.72029
4/18/15 11:00,0.62746
4/18/15 12:00,0.49838
4/18/15 13:00,0.31634
4/18/15 14:00,0.11134
4/18/15 15:00,0.01938
4/18/15 16:00,0
4/18/15 17:00,0
4/18/15 18:00,0
4/18/15 19:00,0
4/18/15 20:00,0
4/18/15 21:00,0
4/18/15 22:00,0
4/18/15 23:00,0
4/19/15 0:00,0
4/19/15 1:00,0
4/19/15 2:00,0
4/19/15 3:00,0
4/19/15 4:00,0.16752
4/19/15 5:00,0.39201
4/19/15 6:00,0.56346
4/19/15 7:00,0.67751
4/19/15 8:00,0.74378
4/19/15 9:00,0.76222
4/19/15 10:00,0.72586
4/19/15 11:00,0.63799
4/19/15 12:00,0.50731
4/19/15 13:00,0.31883
4/19/15 14:00,0.10946
4/19/15 15:00,0.01948
4/19/15 16:00,0
4/19/15 17:00,0
4/19/15 18:00,0
4/19/15 19:00,0
4/19/15 20:00,0
4/19/15 21:00,0
4/19/15 22:00,0
4/19/15 23:00,0
4/20/15 0:00,0
4/20/15 1:00,0
4/20/15 2:00,0
4/20/15 3:00,0
4/20/15 4:00,0.17129
4/20/15 5:00,0.39329
4/20/15 6:00,0.56509
4/20/15 7:00,0.68202
4/20/15 8:00,0.73821
4/20/15 9:00,0.74736
4/20/15 10:00,0.70673
4/20/15 11:00,0.61971
4/20/15 12:00,0.48365
4/20/15 13:00,0.26953
4/20/15 14:00,0.12047
4/20/15 15:00,0.01697
4/20/15 16:00,0
4/20/15 17:00,0
4/20/15 18:00,0
4/20/15 19:00,0
4/20/15 20:00,0
4/20/15 21:00,0
4/20/15 22:00,0
4/20/15 23:00,0
4/21/15 0:00,0
4/21/15 1:00,0
4/21/15 2:00,0
4/21/15 3:00,0
4/21/15 4:00,0.15718
4/21/15 5:00,0.3902
4/21/15 6:00,0.57979
4/21/15 7:00,0.70505
4/21/15 8:00,0.76862
4/21/15 9:00,0.7814
4/21/15 10:00,0.73524
4/21/15 11:00,0.64279
4/21/15 12:00,0.50729
4/21/15 13:00,0.31633
4/21/15 14:00,0.10919
4/21/15 15:00,0.02026
4/21/15 16:00,0
4/21/15 17:00,0
4/21/15 18:00,0
4/21/15 19:00,0
4/21/15 20:00,0
4/21/15 21:00,0
4/21/15 22:00,0
4/21/15 23:00,0
4/22/15 0:00,0
4/22/15 1:00,0
4/22/15 2:00,0
4/22/15 3:00,0
4/22/15 4:00,0.15692
4/22/15 5:00,0.38844
4/22/15 6:00,0.57198
4/22/15 7:00,0.69085
4/22/15 8:00,0.74021
4/22/15 9:00,0.73567
4/22/15 10:00,0.69402
4/22/15 11:00,0.61725
4/22/15 12:00,0.49188
4/22/15 13:00,0.30749
4/22/15 14:00,0.10265
4/22/15 15:00,0.02009
4/22/15 16:00,0
4/22/15 17:00,0
4/22/15 18:00,0
4/22/15 19:00,0
4/22/15 20:00,0
4/22/15 21:00,0
4/22/15 22:00,0
4/22/15 23:00,0
4/23/15 0:00,0
4/23/15 1:00,0
4/23/15 2:00,0
4/23/15 3:00,0
4/23/15 4:00,0.17416
4/23/15 5:00,0.39272
4/23/15 6:00,0.5646
4/23/15 7:00,0.67907
4/23/15 8:00,0.73004
4/23/15 9:00,0.73164
4/23/15 10:00,0.69905
4/23/15 11:00,0.62131
4/23/15 12:00,0.49235
4/23/15 13:00,0.29014
4/23/15 14:00,0.09663
4/23/15 15:00,0.01944
4/23/15 16:00,0
4/23/15 17:00,0
4/23/15 18:00,0
4/23/15 19:00,0
4/23/15 20:00,0
4/23/15 21:00,0
4/23/15 22:00,0
4/23/15 23:00,0
4/24/15 0:00,0
4/24/15 1:00,0
4/24/15 2:00,0
4/24/15 3:00,0
4/24/15 4:00,0.17681
4/24/15 5:00,0.39357
4/24/15 6:00,0.57457
4/24/15 7:00,0.69632
4/24/15 8:00,0.75978
4/24/15 9:00,0.76907
4/24/15 10:00,0.70303
4/24/15 11:00,0.5853
4/24/15 12:00,0.37601
4/24/15 13:00,0.19919
4/24/15 14:00,0.11864
4/24/15 15:00,0.01892
4/24/15 16:00,0
4/24/15 17:00,0
4/24/15 18:00,0
4/24/15 19:00,0
4/24/15 20:00,0
4/24/15 21:00,0
4/24/15 22:00,0
4/24/15 23:00,0
4/25/15 0:00,0
4/25/15 1:00,0
4/25/15 2:00,0
4/25/15 3:00,0
4/25/15 4:00,0.16152
4/25/15 5:00,0.38836
4/25/15 6:00,0.57277
4/25/15 7:00,0.70015
4/25/15 8:00,0.7623
4/25/15 9:00,0.77471
4/25/15 10:00,0.72695
4/25/15 11:00,0.62977
4/25/15 12:00,0.49352
4/25/15 13:00,0.31114
4/25/15 14:00,0.10551
4/25/15 15:00,0.01957
4/25/15 16:00,0
4/25/15 17:00,0
4/25/15 18:00,0
4/25/15 19:00,0
4/25/15 20:00,0
4/25/15 21:00,0
4/25/15 22:00,0
4/25/15 23:00,0
4/26/15 0:00,0
4/26/15 1:00,0
4/26/15 2:00,0
4/26/15 3:00,0
4/26/15 4:00,0.14161
4/26/15 5:00,0.37191
4/26/15 6:00,0.56048
4/26/15 7:00,0.69023
4/26/15 8:00,0.7526
4/26/15 9:00,0.74878
4/26/15 10:00,0.71692
4/26/15 11:00,0.57474
4/26/15 12:00,0.44063
4/26/15 13:00,0.29964
4/26/15 14:00,0.09485
4/26/15 15:00,0.02095
4/26/15 16:00,0
4/26/15 17:00,0
4/26/15 18:00,0
4/26/15 19:00,0
4/26/15 20:00,0
4/26/15 21:00,0
4/26/15 22:00,0
4/26/15 23:00,0
4/27/15 0:00,0
4/27/15 1:00,0
4/27/15 2:00,0
4/27/15 3:00,0
4/27/15 4:00,0.15906
4/27/15 5:00,0.38338
4/27/15 6:00,0.56178
4/27/15 7:00,0.67718
4/27/15 8:00,0.68707
4/27/15 9:00,0.71433
4/27/15 10:00,0.66424
4/27/15 11:00,0.50054
4/27/15 12:00,0.29627
4/27/15 13:00,0.17443
4/27/15 14:00,0.1189
4/27/15 15:00,0.0212
4/27/15 16:00,0
4/27/15 17:00,0
4/27/15 18:00,0
4/27/15 19:00,0
4/27/15 20:00,0
4/27/15 21:00,0
4/27/15 22:00,0
4/27/15 23:00,0
4/28/15 0:00,0
4/28/15 1:00,0
4/28/15 2:00,0
4/28/15 3:00,0
4/28/15 4:00,0.13015
4/28/15 5:00,0.32035
4/28/15 6:00,0.55615
4/28/15 7:00,0.68751
4/28/15 8:00,0
4/28/15 9:00,0.76999
4/28/15 10:00,0.71728
4/28/15 11:00,0.61674
4/28/15 12:00,0
4/28/15 13:00,0.22384
4/28/15 14:00,0.10327
4/28/15 15:00,0.01312
4/28/15 16:00,0
4/28/15 17:00,0
4/28/15 18:00,0
4/28/15 19:00,0
4/28/15 20:00,0
4/28/15 21:00,0
4/28/15 22:00,0
4/28/15 23:00,0
4/29/15 0:00,0
4/29/15 1:00,0
4/29/15 2:00,0
4/29/15 3:00,0
4/29/15 4:00,0.16143
4/29/15 5:00,0.38905
4/29/15 6:00,0.57647
4/29/15 7:00,0.70123
4/29/15 8:00,0.76714
4/29/15 9:00,0.77988
4/29/15 10:00,0.7346
4/29/15 11:00,0.63963
4/29/15 12:00,0.49736
4/29/15 13:00,0.30785
4/29/15 14:00,0.09927
4/29/15 15:00,0.02178
4/29/15 16:00,0
4/29/15 17:00,0
4/29/15 18:00,0
4/29/15 19:00,0
4/29/15 20:00,0
4/29/15 21:00,0
4/29/15 22:00,0
4/29/15 23:00,0
4/30/15 0:00,0
4/30/15 1:00,0
4/30/15 2:00,0
4/30/15 3:00,0
4/30/15 4:00,0.17858
4/30/15 5:00,0.40701
4/30/15 6:00,0.58841
4/30/15 7:00,0.7085
4/30/15 8:00,0.77038
4/30/15 9:00,0.78099
4/30/15 10:00,0.73277
4/30/15 11:00,0.63568
4/30/15 12:00,0.49725
4/30/15 13:00,0.30451
4/30/15 14:00,0.09905
4/30/15 15:00,0.02096
4/30/15 16:00,0
4/30/15 17:00,0
4/30/15 18:00,0
4/30/15 19:00,0
4/30/15 20:00,0
4/30/15 21:00,0
4/30/15 22:00,0
4/30/15 23:00,0